{"cameraMode":{"drawMode":0,"name":"Shaded","section":"Shading Mode"},"sceneLighting":false,"audioPlay":false,"sceneViewState":{"m_AlwaysRefresh":false,"showFog":true,"showSkybox":false,"showFlares":true,"showImageEffects":true,"showParticleSystems":true,"showVisualEffectGraphs":true,"m_FxEnabled":true},"in2DMode":false,"pivot":{"x":23.152124404907228,"y":-11.053568840026856,"z":-25.101346969604493},"rotation":{"x":0.4502304792404175,"y":0.47787368297576907,"z":-0.3136875033378601,"w":0.6860368847846985},"size":16.852802276611329,"orthographic":false}